0	1779744518	Settings	000_Settings.rb	1d97520ce82e08897a059d0e82325f8d54252ea98983ecbba718095309407b92
1	1705154951	BattleSettings	001_BattleSettings.rb	d375db75c834c17071afb2fb64b410fb54f94b457e0979afa0df1e9750e2b127
2	510803000	==================	002_==================.rb	e3b0c44298fc1c149afbf4c8996fb92427ae41e4649b934ca495991b7852b855
3	624702235	[[ Technical ]]	003_[[ Technical ]].rb	e3b0c44298fc1c149afbf4c8996fb92427ae41e4649b934ca495991b7852b855
4	251063804	MKXP_Compatibility	004_MKXP_Compatibility.rb	8bcce9a07f925140b1e705071d3c5ef9cc8f4aad3c8e0b6203c7120b65df377b
5	1118278098	RubyUtilities	005_RubyUtilities.rb	b89a3e010493db5f7cfeddaee95b98da544032149a6c1949def28ea305c3e1d3
6	603798463	Intl_Messages	006_Intl_Messages.rb	a2c8e932246964516edd6cb4dd59367e168efb015680def3e38ff9b2b5ee1279
7	1686695703	Input	007_Input.rb	992d39f78c7b0023d9dda603f5ae8d117fe2f91ca5326f9b0f63b5abadc4126f
8	402788799	PluginManager	008_PluginManager.rb	d91af25b3a44b94fddff49e68f23e743a75bdc46e053ae7c72713f5b07335f77
9	1049523644	RPG_Sprite	009_RPG_Sprite.rb	353bdd0648e9920f33ab44bf5ade2c13a27494f1d629768b5bcd8ad65849f83f
10	905527347	section	010_section.rb	e3b0c44298fc1c149afbf4c8996fb92427ae41e4649b934ca495991b7852b855
11	1516094542	[[ Debugging ]]	011_[[ Debugging ]].rb	e3b0c44298fc1c149afbf4c8996fb92427ae41e4649b934ca495991b7852b855
12	731610163	PBDebug	012_PBDebug.rb	8afaa73ea6544ad65eb0efb2d333775666ee808743d3317ebc3894424962b453
13	1080407024	DebugConsole	013_DebugConsole.rb	a2e4cc070dd04c50d2bc643cf14f9f35913403f3f063cfea536c9702edd590f1
14	966523830	Errors	014_Errors.rb	9e136ca9db0c40304e7bf239ee9269bc0eb886d85b3486460fb8b9e96408d1e7
15	1744571343	Validation	015_Validation.rb	ea7d5ed8dc8699c8d6a2b8528419918eaa4a0c71d160bc75e3bc7b3363cccad5
16	935164082	Deprecation	016_Deprecation.rb	3773a02c25389bf4d07c74a2bfc87411654bfc55b244433f6662f4fb734a274b
17	103239616	section	017_section.rb	e3b0c44298fc1c149afbf4c8996fb92427ae41e4649b934ca495991b7852b855
18	481954367	[[ Files ]]	018_[[ Files ]].rb	e3b0c44298fc1c149afbf4c8996fb92427ae41e4649b934ca495991b7852b855
19	51416908	FileTests	019_FileTests.rb	ec5be8b9ee266b6d6b0f5dc5b8ffd2d51436a6e43902f57aefa6e77546cfe429
20	1911264301	FileMixins	020_FileMixins.rb	a6107477c39e3978c1f2188ddb4675cdeeb3b4f45033a951aefd84ee8f614d0b
21	1946670062	HTTP_Utilities	021_HTTP_Utilities.rb	14b96e16abd5bd0374c402b884f8af36bade96521bab1ded17cca5429121323e
22	1949121646	==================	022_==================.rb	e3b0c44298fc1c149afbf4c8996fb92427ae41e4649b934ca495991b7852b855
23	242598279	[[ Save data ]]	023_[[ Save data ]].rb	e3b0c44298fc1c149afbf4c8996fb92427ae41e4649b934ca495991b7852b855
24	1313338348	SaveData	024_SaveData.rb	124d9c4633a7179cb75d79127f6517215941fdd7925a4b7c1ea254a1b837bc87
25	367054766	SaveData_Value	025_SaveData_Value.rb	a3dd3dcf3d5f1c0e3d5110c06cc2dddb404d765a515ae27b27701c1b0c60bfcb
26	725087932	SaveData_Conversion	026_SaveData_Conversion.rb	b57b9d7b8448358b9591dadb42a24ceff14040519db2d31960bac330c72b2688
27	625390653	Game_SaveValues	027_Game_SaveValues.rb	98028e2e69998ab0553e926bf6cda97a50844af18ef8c2f36738169c95aee754
28	821944836	Game_SaveConversions	028_Game_SaveConversions.rb	2dc4c6f0e8aedcd16749dc6cfecd4ee2a432891cfb2f2c48c654c8596aaf73ab
29	1255632994	==================	029_==================.rb	e3b0c44298fc1c149afbf4c8996fb92427ae41e4649b934ca495991b7852b855
30	193910762	[[ Game processing ]]	030_[[ Game processing ]].rb	e3b0c44298fc1c149afbf4c8996fb92427ae41e4649b934ca495991b7852b855
31	693030306	StartGame	031_StartGame.rb	8311a1c731444c67d349179ac9e5ba03d674130996de9f178fba63f4a6933a69
32	723144638	Scene_Map	032_Scene_Map.rb	886a0a231f8b6c4a173d13dff8cdd748fcc7bca5c6b4700d82b6b22c7aa87b46
33	1275467274	Interpreter	033_Interpreter.rb	4c8573f27e141c2b4e036443d8a64b1cc7ad8228207fc3bb350f17044794614c
34	729780133	Interpreter_Commands	034_Interpreter_Commands.rb	e52025515f59a690eac0076b18e5347ef7be87942d2a992b1b645d8f09bc34f4
35	1592472764	Event_Handlers	035_Event_Handlers.rb	3e19dd42257be1cb290e671b239263ece72b9813651b5d47e60a5d89280efe49
36	600001687	Event_HandlerCollections	036_Event_HandlerCollections.rb	4c083136b50c8c970314764049e0dbafc2f6682b6749145184547ae11d60b926
37	588635109	==================	037_==================.rb	e3b0c44298fc1c149afbf4c8996fb92427ae41e4649b934ca495991b7852b855
38	1584422613	[[ Game classes ]]	038_[[ Game classes ]].rb	e3b0c44298fc1c149afbf4c8996fb92427ae41e4649b934ca495991b7852b855
39	1203690997	Game_Screen	039_Game_Screen.rb	30a4141354d5580f777306d6d0ecdbb706c411ff445aec44afeb55f2c1f7dc0d
40	1237596200	Game_System	040_Game_System.rb	aaa74a2bc9e19babb3e40ea3c8e489c3547f3bd0de4f74007fab4e6fe5aa4459
41	1092505500	Game_Picture	041_Game_Picture.rb	271a6a3cb8462de97bb0598a907e0f75d3c13ce4190a6893287b412dce103c61
42	1241100873	Game_Map	042_Game_Map.rb	74650ae94c8cc9e72129a67785b6f65ee523216d1f9b6753e0438f4c668bd55e
43	1461742344	Game_MapFactory	043_Game_MapFactory.rb	c5236728acd293640f09e2863f6e51c36168ac2fdd43951887d6a5882c271cd5
44	1629777824	Game_Character	044_Game_Character.rb	0cb6a5149f998c053055d3c7726d557fe1a1368fcabe14bb4a7c159f09a686b9
45	2017449717	Game_Event	045_Game_Event.rb	8c11fb7f170df5ca2aff17725e1dbed031c94deebabdbbae69dd926e24acafa7
46	714679113	Game_Player	046_Game_Player.rb	33425173d8707ae801a9771bf4baf8fd91ad2720d1faba2b4bc914aac4fc9d12
47	1470527524	Game_CommonEvent	047_Game_CommonEvent.rb	f040cd70e23d2c1c4e098cbf52d1a2f7c05c3bc43800af940c0b8dde3fb092a9
48	2011628801	Game_Follower	048_Game_Follower.rb	9fa9efeeb321a0ff33430275cef310cf94ff22d8539620c11428c4ad47848560
49	806111037	Game_FollowerFactory	049_Game_FollowerFactory.rb	de18b3f9fddbfd3c417cdb3b6731e34b7c7fc11ea0e247ba1beeb5d473d8cfdf
50	2024502171	Game_Stats	050_Game_Stats.rb	a8879b34544749f68f5cca6d3c3dced7e4d14e96adee0b183a617425f2aa7024
51	761358377	section	051_section.rb	e3b0c44298fc1c149afbf4c8996fb92427ae41e4649b934ca495991b7852b855
52	1195225472	[[ Switches and Variables ]]	052_[[ Switches and Variables ]].rb	e3b0c44298fc1c149afbf4c8996fb92427ae41e4649b934ca495991b7852b855
53	1432656450	Game_Temp	053_Game_Temp.rb	dc1a4067462d8674123e35de341d79b92d4566b236970e4eead2a7fb6d68e494
54	634673082	Game_Switches	054_Game_Switches.rb	0859c022f2f9a507b998fb8e2a9e4a677df68a4b493216c280b0d2df1e9504b7
55	150479730	Game_Variables	055_Game_Variables.rb	94d61f95de05effb31a464526f894f1a31882400e50f7b6e7a99629e0ae093ca
56	271742871	Game_SelfSwitches	056_Game_SelfSwitches.rb	5779bc1b1590c116b2c3e099345c0beed462749746cc2c3940b034653b6a5d30
57	1652750684	==================	057_==================.rb	e3b0c44298fc1c149afbf4c8996fb92427ae41e4649b934ca495991b7852b855
58	1675771831	[[ Sprites ]]	058_[[ Sprites ]].rb	e3b0c44298fc1c149afbf4c8996fb92427ae41e4649b934ca495991b7852b855
59	283301191	Sprite_Picture	059_Sprite_Picture.rb	785915a3de215515428b329a1dfff6ff4f6e38a67c21027ef19a4313dd89d6f7
60	1012220387	Sprite_Timer	060_Sprite_Timer.rb	4d6d7be253e895b0534cdd67a10436dcf8bf02c1992f663d11cea9a56c04b0fc
61	1312885586	Sprite_Character	061_Sprite_Character.rb	f881cd0a474fd6357b8dde0cba826b9fd07666125bfcb90190eb62d2949db846
62	2085777788	Sprite_Reflection	062_Sprite_Reflection.rb	7fa150af970b9fe012713f251e2af747210e059ff0d71c2eccbccd0f5018faa9
63	1186759947	Sprite_SurfBase	063_Sprite_SurfBase.rb	51f9bfb06a37018ef6ee75c1d0fdd91b9eefcf9cb958366b64e351bf3b5edbeb
64	1053829119	Spriteset_Global	064_Spriteset_Global.rb	5757dd8c55d86ab16c43ceae27d6a2b481f5453f39890e90426705c41b2489e4
65	356589080	Spriteset_Map	065_Spriteset_Map.rb	f7345c848cf6983c793e6c2e76cfb5c412900f38942b05bbd9361f5bf503b1d9
66	1707609933	Sprite_AnimationSprite	066_Sprite_AnimationSprite.rb	58178a341d6e08745488d08ab034b7ef037e689d2562d4b4156debe415565482
67	829686448	Sprite_DynamicShadows	067_Sprite_DynamicShadows.rb	9b19769bf5669be28bde096d56878ee253e0076b5241c8253b5f7c9ee43c4d95
68	702457228	PictureEx	068_PictureEx.rb	0d0f6147f9795716a1458bf7d88eb76704393e37c76fb423adf110ba9a225ed6
69	1218329737	ScreenPosHelper	069_ScreenPosHelper.rb	2284a2842612caf4c349058c97129fc5f6942a82f02c3f4dd1157f0bdb0af5b0
70	601269001	==================	070_==================.rb	e3b0c44298fc1c149afbf4c8996fb92427ae41e4649b934ca495991b7852b855
71	1262713552	[[ Map renderer ]]	071_[[ Map renderer ]].rb	e3b0c44298fc1c149afbf4c8996fb92427ae41e4649b934ca495991b7852b855
72	1472985156	TilemapRenderer	072_TilemapRenderer.rb	321f334b2eeee0f1fa45d16f52117feb7ea765e17643b88c09a69285ada4bdef
73	562698430	TilesetWrapper	073_TilesetWrapper.rb	6967b9b594e6faf53a2306fbf9d8fe8cd0060b4000d37404043ed130c47f70ec
74	995993348	AutotileExpander	074_AutotileExpander.rb	c40587686d2176794b79aa926e0adc5fdb67db102dd6f14a7e54a1618635e597
75	6622212	TileDrawingHelper	075_TileDrawingHelper.rb	9c23409f769c3fec9c38328057a7d97d069cc2b644b03def825c951d0267f5e8
76	1658840781	==================	076_==================.rb	e3b0c44298fc1c149afbf4c8996fb92427ae41e4649b934ca495991b7852b855
77	1784905876	[[ Objects and windows ]]	077_[[ Objects and windows ]].rb	e3b0c44298fc1c149afbf4c8996fb92427ae41e4649b934ca495991b7852b855
78	96029437	RPG_Cache	078_RPG_Cache.rb	a4fb2f5c59d6a6eac373cf0463f0dfcc511bc3fc702d2bd2d8326d60c68e4223
79	2054550770	MessageConfig	079_MessageConfig.rb	8f07864c771e89e36cd9d1a5088d5a09b5183182f6bda18e32002a223c4b14a5
80	1390717695	Window	080_Window.rb	3e156a2b86239971f0ddb2b3f4363c2df3afb4ebaf4abb632880806b0a27728e
81	1892141193	SpriteWindow	081_SpriteWindow.rb	ad11ad11984db15eb17b1d8bf2b625c781c37f0ba8f98b3a439943f24c3349d0
82	768807780	SpriteWindow_text	082_SpriteWindow_text.rb	8f54fa267501f53322031d8ad1ecaa95695244ff00fc5f0b5dc0b6c535d21783
83	284376763	SpriteWindow_pictures	083_SpriteWindow_pictures.rb	db9dd1b71827bb6e0d5e6bab6d4116b436593b54aaa63e5d86b2971c880bae0c
84	1331041623	BitmapSprite	084_BitmapSprite.rb	be0df504505358c7e58b25558c84c88dd89f285effd2257dd26624c604155c53
85	515185474	AnimatedBitmap	085_AnimatedBitmap.rb	86aa678d6f4cd3f10789c682be97d1b249fed3fb14cd5199c2286104515bb6d9
86	113176473	Planes	086_Planes.rb	01d42e0feff2e00944d5afe6f667bd6b50bb337f4b9582053c65383059715e2a
87	679101110	DrawText	087_DrawText.rb	30d8c9e08a9e1059e9385e651e9bb75a0809b01a7229feeb708034276b87a353
88	74950283	Messages	088_Messages.rb	7d6445cca47b1a68662cfbecb6df5a1881aad6785e42513f683cc08250ffea4c
89	2130921615	TextEntry	089_TextEntry.rb	d737d0de5277f67f32f52b71367ed584f2d0d74626720ad2d36a9b24fe81f5a7
90	1285713402	==================	090_==================.rb	e3b0c44298fc1c149afbf4c8996fb92427ae41e4649b934ca495991b7852b855
91	1605028813	[[ Audio ]]	091_[[ Audio ]].rb	e3b0c44298fc1c149afbf4c8996fb92427ae41e4649b934ca495991b7852b855
92	1073825457	Audio	092_Audio.rb	2265ceff8c47f69a92a39ce26abbf0492eb92f34f79bee792474a1d56a64a185
93	966342590	Audio_Play	093_Audio_Play.rb	e21c2f9b086f99777b7421c850e4b04cb8e5db574876b3fbb9c0fd9932e1d1fb
94	934341511	==================	094_==================.rb	e3b0c44298fc1c149afbf4c8996fb92427ae41e4649b934ca495991b7852b855
95	319285823	[[ Scenes ]]	095_[[ Scenes ]].rb	e3b0c44298fc1c149afbf4c8996fb92427ae41e4649b934ca495991b7852b855
96	2114968172	Transitions	096_Transitions.rb	3b9b844bc04b565686c9781eb079254141cbec9f4a1863c467c0bf1b8cf79c34
97	1399369694	EventScene	097_EventScene.rb	74e6c80b67ade4888e764c2e8b29884b68b7db52ef57442358dd8207afa06874
98	2122456090	==================	098_==================.rb	e3b0c44298fc1c149afbf4c8996fb92427ae41e4649b934ca495991b7852b855
99	1704869439	[[ Data ]]	099_[[ Data ]].rb	e3b0c44298fc1c149afbf4c8996fb92427ae41e4649b934ca495991b7852b855
100	1811138163	GameData	100_GameData.rb	87a1c4e6e6f834ba6116119b86b3d9fcfaf3f6203750ff6e32a2fb9dca8ac5dc
101	362208872	section	101_section.rb	e3b0c44298fc1c149afbf4c8996fb92427ae41e4649b934ca495991b7852b855
102	143278354	[[ Hardcoded data ]]	102_[[ Hardcoded data ]].rb	e3b0c44298fc1c149afbf4c8996fb92427ae41e4649b934ca495991b7852b855
103	1353497548	GrowthRate	103_GrowthRate.rb	120983cbf56fc674621110bfc7c0864444cbe07f75d40e7793268f87c2609e3a
104	525395173	GenderRatio	104_GenderRatio.rb	ab185714fe03a54cb4b35e38065c6577c53c6656b05b86ac909f9344d5fc612f
105	1403351587	EggGroup	105_EggGroup.rb	1ed19026b6945739d5b3d3d7d8838f58b622be83a54bda13f1062dd4dcb80623
106	576305458	BodyShape	106_BodyShape.rb	fd00aa7f6a61175ddac6b46510b47ec24c88c8510488165b91d063a8e1816b38
107	2113990565	BodyColor	107_BodyColor.rb	d51324a8f15f0d17c06bb6154ce64b2a196daf37230f93c50bdf99edc25d9203
108	2124025476	Habitat	108_Habitat.rb	bca068375b979bd7743e386df48370d05611d1f8689cf653de941138999e52e4
109	2017247513	Evolution	109_Evolution.rb	41e8f9e38635ba1b8f03fdcb981ab595c8a51dbbd320b7f71b88e78905d95a69
110	1798075934	Stat	110_Stat.rb	088757e266e5e87cd29917527af9b5bea09d0938d4d14c961e8c33c6fe572f52
111	1467697765	Nature	111_Nature.rb	10236b30150a4a8f64c0aa73af8fa1f7d587743b89f26fe5260630b4855638d3
112	447053277	Status	112_Status.rb	01b169a43a1758b5ab88a1386024e6d665a250a18777c82c501bb12261eeb6d6
113	747069757	TerrainTag	113_TerrainTag.rb	a64de1ca8958a54693e082114d2ba1e6fd237603002bf388e60924e510acfc28
114	1361616206	Weather	114_Weather.rb	6c2f0755bed98d304dd0a09f9a85f1c24d6611335154a8fe5344994f8f62dd0b
115	45316634	EncounterType	115_EncounterType.rb	cefb9451c60e4b2fdebc168bdddf95e158e3ef9a0cfad8f442c4a37ee575a905
116	211606425	Environment	116_Environment.rb	e09b2ba380c26fc32d852ba16951d5fab25f5118164ba995c0e4b5cb94186857
117	395697866	BattleWeather	117_BattleWeather.rb	6fa6d2ba045e1171bd2e90ab1ccf132b6814289616a6b6ba4dde51a9422ea6af
118	75873216	BattleTerrain	118_BattleTerrain.rb	a7e99d198028cc71200d41da058b9ca8ebce5c8f7b6fc9c0b5047a2e44829006
119	1086459349	Target	119_Target.rb	35ac0b408bc46481c968ce221567e6b58d0f201c02f18229211ee31f8c45fdcb
120	644633529	section	120_section.rb	e3b0c44298fc1c149afbf4c8996fb92427ae41e4649b934ca495991b7852b855
121	438587752	[[ PBS data ]]	121_[[ PBS data ]].rb	e3b0c44298fc1c149afbf4c8996fb92427ae41e4649b934ca495991b7852b855
122	1166225794	MiscPBSData	122_MiscPBSData.rb	89d82bbc8f6b06b4fcaa0b55f68e0138be9aa1c5a2d588cec72f89085dea4d45
123	1567725556	TownMap	123_TownMap.rb	d90e49b28b477f2b332a9d4943e730fc8f05f05d9a5dbd2c4e9ae01e2a205f13
124	1481183696	Type	124_Type.rb	425d885803d30b4479ae53280ff3dfe73038af904b25d9ab77c5752c42306b87
125	1536025836	Ability	125_Ability.rb	e701a8acca1ca9cfc20d0bd3dfdf8b4b24e8e9a96bba021d0bdb779d92012d3d
126	919134111	Move	126_Move.rb	6b366d35518451445b706352daee8fd5304350dd8b405936e26190a5d616a29c
127	1936753722	Item	127_Item.rb	051f564fba08842dc78166cb7de976a2ea1a82f84f0989cb750abf2cefd83ad9
128	912094249	BerryPlant	128_BerryPlant.rb	e4ca046c25f2fe7dbe990816370780b060623330a8a62bb65ce336594171703e
129	1875908043	Species	129_Species.rb	182575a3e420dea614bec5cd3ee525ccbbef2f8538571885ab5ba93f59ee340c
130	279934496	Species_files	130_Species_files.rb	b0d4786a3b33dbb06a68aa395e813ed21be46d826dab69b5c9ab41a99ae7e0d3
131	1399680470	SpeciesMetrics	131_SpeciesMetrics.rb	3a953fdb70edbb40f3d17767d1628fbb5e38d9f9467197e051f2972eeac8431b
132	1585381831	ShadowPokemon	132_ShadowPokemon.rb	6b297593d15854cc1d62f61cea88195695126a466d92a8c63fccfa415e14a35a
133	1773834906	Ribbon	133_Ribbon.rb	9e429a729bc4fa17bb4f6644b255f7ca2c508d8f251275211d2f53e16e829083
134	769567111	Encounter	134_Encounter.rb	f8b8aff585c37232c0577a9280dcfe157e05b12ca886f874efc72574d7f6e9ed
135	712961600	TrainerType	135_TrainerType.rb	a4fa356b8b35bbe62696d361d18e14895cc693841c26b2a2713e7b01757b776d
136	910668586	KTrainer	136_KTrainer.rb	ab8b9767703c93d9155bb9b4aa0e5a6ca04e2e83dce581703344ddad1b1d6041
137	499110257	Metadata	137_Metadata.rb	2f26223b65110fd144138a787421b412f8be88d69b2919812cd371ef4bd52a48
138	208426112	PlayerMetadata	138_PlayerMetadata.rb	aaa2ea85c04c281455e1c8b8301570257472926a034a95ce8c36c287364001d4
139	1118203599	MapMetadata	139_MapMetadata.rb	ab6c429014c7c77b80aea5eadfa9d9f9cda47954ad6bb5fc1ec952a0be384bab
140	1164291458	DungeonTileset	140_DungeonTileset.rb	ab641a82604d176266d485b52e0e43cbb73c45116f5ef9b5aabe6d3a28c01d4b
141	2004537868	DungeonParameters	141_DungeonParameters.rb	21093e8436801d336c318f9c67ad4388c64f8e26b0a31ad8f160b7fd46492c47
142	1979944256	PhoneMessage	142_PhoneMessage.rb	5848aac73ad0515956d60f0c8c804ce5fba4ee82cb0e58c368a1ea14466e764b
143	57950526	==================	143_==================.rb	e3b0c44298fc1c149afbf4c8996fb92427ae41e4649b934ca495991b7852b855
144	2037381011	[[ Battle ]]	144_[[ Battle ]].rb	e3b0c44298fc1c149afbf4c8996fb92427ae41e4649b934ca495991b7852b855
145	902203061	section	145_section.rb	e3b0c44298fc1c149afbf4c8996fb92427ae41e4649b934ca495991b7852b855
146	627582149	[[ Battle ]]	146_[[ Battle ]].rb	e3b0c44298fc1c149afbf4c8996fb92427ae41e4649b934ca495991b7852b855
147	1324312949	Battle	147_Battle.rb	240dee55f26078723119b28dac5a599d5f24cc3b4f93946cb16c453f78592476
148	452674873	KBattle_StartAndEnd	148_KBattle_StartAndEnd.rb	4372c1c6e16944875e38188feb6fb4ec4918d9bf64b8e809efe9adb7d0052854
149	781289671	KBattle_ExpAndMoveLearning	149_KBattle_ExpAndMoveLearning.rb	25f6875666852fbb91608985d4e6b8c3ca9e3a483f5e5731a3e5143f0236acb5
150	1398110077	Battle_ActionAttacksPriority	150_Battle_ActionAttacksPriority.rb	53e0bec26ddcbda90f6b410cd186e1c99eb6920c28f09c54ec19f779847c85ab
151	668681642	Battle_ActionSwitching	151_Battle_ActionSwitching.rb	e055638dd3f816f80298a6a12c6cd03bf9b68ce5c48f8e49d02bb4cfe8fae010
152	847399220	Battle_ActionUseItem	152_Battle_ActionUseItem.rb	00e5ef9e62872a7898bc38a2a37e4ed1a728337443376c1de94eac079cc0bf1c
153	1046738186	Battle_ActionRunning	153_Battle_ActionRunning.rb	50f6a7c8cc677431ad72f0dbb170a5e0625d75c3b737dfbe923257966cd4f8f8
154	1530422299	Battle_ActionOther	154_Battle_ActionOther.rb	5417a39e4e134222ed9c856f5b68c69a4e807d85b60744872968a7fef8ad6953
155	1888541935	Battle_CommandPhase	155_Battle_CommandPhase.rb	88990b356fadda8b76f9facd4d7aec6ae78fbdccb01f3acda476b5f7538c9f28
156	2105709082	Battle_AttackPhase	156_Battle_AttackPhase.rb	f77e0bc43f790cf4c196add096222fc0c2bbc7cef1bd706ff54d343265d0c945
157	1817266114	Battle_EndOfRoundPhase	157_Battle_EndOfRoundPhase.rb	cd2d5bd448f24babbb81bdf2a81158569bb7a3ed00694f8d3c6f0b9da7c1db64
158	874790992	section	158_section.rb	e3b0c44298fc1c149afbf4c8996fb92427ae41e4649b934ca495991b7852b855
159	135782635	[[ Battler ]]	159_[[ Battler ]].rb	e3b0c44298fc1c149afbf4c8996fb92427ae41e4649b934ca495991b7852b855
160	849617742	KBattle_Battler	160_KBattle_Battler.rb	8af19079a3a43bb64bbd18a7f348e550317e27cc0a543517feced9d851bde690
161	1854830254	Battler_Initialize	161_Battler_Initialize.rb	ecf901198a4d8dd6e022b11c6eea9dfee2cfdae23a1218d6f09ae5922391cf6b
162	440310395	Battler_ChangeSelf	162_Battler_ChangeSelf.rb	61b8930c34d7c054ddcf951b610dcb1aae0aac4b08b9fe7d0aa891bb696c3ace
163	219159685	Battler_Statuses	163_Battler_Statuses.rb	e97fd03b7aba05fab483750bfc59e37caef23dd4ac04b8831df215d54cbfeda5
164	530506982	Battler_StatStages	164_Battler_StatStages.rb	85881b394e49471d29083afac1b632d6503e0296b83e4250e96fbdab7edf2cca
165	1741010049	Battler_AbilityAndItem	165_Battler_AbilityAndItem.rb	9b32414bc29fa65cd0f6a0a19651236d18b9d2564dca315a3ee5cecb9c84704e
166	187892966	Battler_UseMove	166_Battler_UseMove.rb	ed2c5e55c8963aaceadb24e35827b551d9e12d02194fe3ef84346b9fcfb2357e
167	88938504	Battler_UseMoveTargeting	167_Battler_UseMoveTargeting.rb	6937a5010eea151f3c5f1aadbee2f8a940ec1b00b7fe601ad24f768cb21cc081
168	1080900342	Battler_UseMoveSuccessChecks	168_Battler_UseMoveSuccessChecks.rb	8a7a4dbe436797dfdf10fa3bc3218ef0be130df422a5f3c11562ee8d2989a757
169	1571649697	Battler_UseMoveTriggerEffects	169_Battler_UseMoveTriggerEffects.rb	6227b673c6cc6b9602ef2e54895649c008adafa65168e74b13959fd13ad171f1
170	26553506	section	170_section.rb	e3b0c44298fc1c149afbf4c8996fb92427ae41e4649b934ca495991b7852b855
171	859466432	[[ Move ]]	171_[[ Move ]].rb	e3b0c44298fc1c149afbf4c8996fb92427ae41e4649b934ca495991b7852b855
172	425269035	Battle_Move	172_Battle_Move.rb	9491d693cc9f392c7c8c9ad41e058a768a420f5d36f27ae70be86a54f9368261
173	1966374044	Move_Usage	173_Move_Usage.rb	8bd75a58d9253047c7896ddee0f9e4a6da0f27bb36598327f62b08232514a3d1
174	917945813	Move_UsageCalculations	174_Move_UsageCalculations.rb	5cffd3a53fb2f2f2a331857d6e77b249b27131413e7fa09bec9756b91da72a8b
175	179427441	Move_BaseEffects	175_Move_BaseEffects.rb	a4cf3d8379f38b88850491e39d9cd93f9632c140d9b44ca4145096679ad4f254
176	508094541	MoveEffects_Misc	176_MoveEffects_Misc.rb	72ad303c89750a29829f641df445299ea85bc3090292980a7bdaae1d882ee0bf
177	1287009692	MoveEffects_BattlerStats	177_MoveEffects_BattlerStats.rb	7ec889e2b741667da73c306f53edc7d60e1fa8db2da0390e6ec77cef040c1cfa
178	860033112	MoveEffects_BattlerOther	178_MoveEffects_BattlerOther.rb	12075a6a7aae983327a32ec967694cf6a34976d102d9cbc427bdd3cf0f65ce76
179	1350972917	MoveEffects_MoveAttributes	179_MoveEffects_MoveAttributes.rb	5526b083d9b664f3b55843d1c2018d761129176eae849e15113837c11a0e5169
180	1837899204	MoveEffects_MultiHit	180_MoveEffects_MultiHit.rb	fa12214faa55cbe8148c7885e4aaa1092d3b150e5279f625b19ba3d8e22b20cf
181	1278622469	MoveEffects_Healing	181_MoveEffects_Healing.rb	c83cc28caa16924e4ed9d75c90cd0f177a78068b73ca4774f821969bcebaa4a8
182	631378385	MoveEffects_Items	182_MoveEffects_Items.rb	15d3828a0d925b875374398e3e63e75c97d0864509ef4c2bffbd2009fe67b07f
183	1254757459	MoveEffects_ChangeMoveEffect	183_MoveEffects_ChangeMoveEffect.rb	f16d7ad6ca4f10f1f791aba72abe5baf97ca9878edf2fcea800b520ac38edf58
184	94881577	MoveEffects_SwitchingActing	184_MoveEffects_SwitchingActing.rb	dfacde9f97f8734e485c5ea80a299eaa2a95450ec7469d1a9c0f91eb19a30d1b
185	170961916	section	185_section.rb	e3b0c44298fc1c149afbf4c8996fb92427ae41e4649b934ca495991b7852b855
186	2049150397	[[ Scene ]]	186_[[ Scene ]].rb	e3b0c44298fc1c149afbf4c8996fb92427ae41e4649b934ca495991b7852b855
187	2123230725	Battle_Scene	187_Battle_Scene.rb	425b6d06e5ca7d3d12eb83b3a098086788d6ba95837718d519dfc85f375ff72f
188	1649481806	Scene_Initialize	188_Scene_Initialize.rb	00ddb126a297238a40562550d3684bfa3ae0916978e74bec9c11e45499632d5f
189	986273884	Scene_ChooseCommands	189_Scene_ChooseCommands.rb	a22c2191d0c3cc1062e7ba5cd925236934717f3f6460dec73b56673dd6f324cd
190	1697778506	Scene_PlayAnimations	190_Scene_PlayAnimations.rb	1c38fe47dda2c9abda38aebebd99f5191bae5d1505cbfadf3bcad55f81109a23
191	837487735	KBattle_Scene_Menus	191_KBattle_Scene_Menus.rb	44838d2e9305210d596576b40608c024b426521201397d74c9f53d874ac892d2
192	543140874	Battle_Scene_Objects	192_Battle_Scene_Objects.rb	9467bf05b6a8469d1908fddddda81415f28eada2e7de89abe047639fef528dd2
193	1419300988	Battle_Scene_BaseAnimation	193_Battle_Scene_BaseAnimation.rb	26985b71449eca23faf2ff922b03378b8c06e80cce7558f8a91d48999b20dcad
194	162496391	Battle_Scene_Animations	194_Battle_Scene_Animations.rb	89c1fc43cdda0816f51913f81e1a976f8ad6b95fc8b2ac17d966089e78220070
195	320822787	Battle_DebugScene	195_Battle_DebugScene.rb	ac6fc8114246746472adb6732ca2c5e3598d237434d126710a41a9af5de053a1
196	181856428	section	196_section.rb	e3b0c44298fc1c149afbf4c8996fb92427ae41e4649b934ca495991b7852b855
197	937865221	[[ AI ]]	197_[[ AI ]].rb	e3b0c44298fc1c149afbf4c8996fb92427ae41e4649b934ca495991b7852b855
198	163209648	Battle_AI	198_Battle_AI.rb	a3b74e606586bf4dc43e3fb1dd6f2b05b9d1d7b3af18a4f5e7c72275c9525442
199	643042750	AI_Switch	199_AI_Switch.rb	e3e30a7699b72898119facb019da56e0e31408e3ed47dae3c510fc6a9f49a05f
200	1091350715	AI_UseItem	200_AI_UseItem.rb	75ccdcd9725400b2d494d4632b5b5450298829da58050be0fabe15e6b1ad025d
201	1673708768	AI_MegaEvolve	201_AI_MegaEvolve.rb	d8a4e2aa58dde1b9b40d1f1e10ee0b00767df7697f5402df96ad516f7ef7101e
202	1332589568	AI_ChooseMove	202_AI_ChooseMove.rb	a81f68669d5e9764b240631c600b2069bf346feb2a557338062740c91461d5c3
203	1054601955	AI_ChooseMove_GenericEffects	203_AI_ChooseMove_GenericEffects.rb	04e3c20029c51597c5339e7b143b8d1a634816e4ec2800eb1a92e7e6593a8d11
204	1123589109	AI_ChooseMove_OtherScores	204_AI_ChooseMove_OtherScores.rb	c543ef8e8b0353ab38b93012ddc4e8520b64addf829436bc142894b3e965f3de
205	739978824	AI_Utilities	205_AI_Utilities.rb	f2c91195d816b5ab3b9af3a92251230ea65d8eaba8e0a0d9f0f1bbc5b6f60fa4
206	387965778	KAITrainer	206_KAITrainer.rb	1b590011af90d171f7eec96454c8901e3d4754d7deb13bd7a20e928aa11b7995
207	226248636	AIBattler	207_AIBattler.rb	29ff1ca2879bb8f8f1e10d6d65f983e6e9a86c53b84b98fef4b5b5ec89f18dbf
208	1487629059	AIMove	208_AIMove.rb	5a5a46afee72e4b17a5b214eb939661803db149d3723b785edf857b62efd508f
209	1510506751	section	209_section.rb	e3b0c44298fc1c149afbf4c8996fb92427ae41e4649b934ca495991b7852b855
210	1879818118	[[ AI MoveEffects ]]	210_[[ AI MoveEffects ]].rb	e3b0c44298fc1c149afbf4c8996fb92427ae41e4649b934ca495991b7852b855
211	620972983	AI_MoveEffects_Misc	211_AI_MoveEffects_Misc.rb	8aed2cc6cbedbcd3cc6df4eb423212dd6234d24be832a19116153e7c8ddf7393
212	231537719	AI_MoveEffects_BattlerStats	212_AI_MoveEffects_BattlerStats.rb	2dac369a1cb0e926b7d7fb5e42c45bff933cbe98c69c47a3eac14db388c9e2ca
213	1115123584	AI_MoveEffects_BattlerOther	213_AI_MoveEffects_BattlerOther.rb	d4a290b76325bc25d123e48a62d41f7b1d2c7105286f3cbae4c6040c894bd2a1
214	1480116387	AI_MoveEffects_MoveAttributes	214_AI_MoveEffects_MoveAttributes.rb	af45e0e795ba20a62124ef8ca2379970f3421567e71ebe04ea923b5405b31a10
215	1159134861	AI_MoveEffects_MultiHit	215_AI_MoveEffects_MultiHit.rb	8cf108c92f4faf2e18f06ba93cbde5f254d4600d14418b7159b889954c093cc2
216	594075128	AI_MoveEffects_Healing	216_AI_MoveEffects_Healing.rb	d76a207092d28dbdc5bb1156372f839a1e7c108cffab829efa9a8885c9359842
217	1662115698	AI_MoveEffects_Items	217_AI_MoveEffects_Items.rb	f7c1835eb54a2620c1402f8ac4163dbd107f440823b01ac47a63144bfacc0915
218	664564823	AI_MoveEffects_ChangeMoveEffect	218_AI_MoveEffects_ChangeMoveEffect.rb	e554f8cbd511ba92103174c1c802ee21e6ac3d45881107d27e08c083e7205cc9
219	1929662789	AI_MoveEffects_SwitchingActing	219_AI_MoveEffects_SwitchingActing.rb	38f36d9c960404c73863f32b1b4a81e31c393866c479eb39b29f38ecb0a2e94b
220	2085927468	section	220_section.rb	e3b0c44298fc1c149afbf4c8996fb92427ae41e4649b934ca495991b7852b855
221	2056840045	[[ Other battle code ]]	221_[[ Other battle code ]].rb	e3b0c44298fc1c149afbf4c8996fb92427ae41e4649b934ca495991b7852b855
222	1555957130	PBEffects	222_PBEffects.rb	89d6f03c58c1b36bb503c423d91d5dc59b7b467450ae7b577f479f38c70cb14a
223	1106658059	Battle_ActiveField	223_Battle_ActiveField.rb	428a25fbc23f381a32daaaa0e8bd3ed5a6de3c3f53e750551f1ec2195814636d
224	1675176637	Battle_DamageState	224_Battle_DamageState.rb	9e6353e15209c767d3ebaaa912355faba75445eec2a243758acde2704f8340db
225	805878348	Battle_Peers	225_Battle_Peers.rb	0e56a6066d9fce2ac9167d6c1ab583cee7309bb0fcd9f2f7e61674aabc663799
226	552707070	Battle_CatchAndStoreMixin	226_Battle_CatchAndStoreMixin.rb	c2f04a8e8293189d7e5ea46e00406cfd1eafcf198fd3f5d31e96c83bc3ec3101
227	1430296161	Battle_Clauses	227_Battle_Clauses.rb	3f8da03efc824af9f17239f8ab34f99bec06d3eb8ecd125f4439668a2124f551
228	201335179	BattleAnimationPlayer	228_BattleAnimationPlayer.rb	a7df91c998fe3cbac9ee26df89e22375f5e3337eb99e016cda3c691ee088eb9a
229	144553171	Battle_AbilityEffects	229_Battle_AbilityEffects.rb	57f6307e7e091be10e95b678277d3c2cc62f0bbbda6b522efd2fe43815a802de
230	1345223460	Battle_ItemEffects	230_Battle_ItemEffects.rb	f8cfd7cd10fbc469777a3088a1fffa681ea3a433501314f327b5070aac1f3b19
231	732892894	Battle_PokeBallEffects	231_Battle_PokeBallEffects.rb	b0c0e3253868c2aa14347bb0452fbcdf27bbc9d16398e239f5a942c26476ee39
232	1098192534	section	232_section.rb	e3b0c44298fc1c149afbf4c8996fb92427ae41e4649b934ca495991b7852b855
233	971863107	[[ Other battle types ]]	233_[[ Other battle types ]].rb	e3b0c44298fc1c149afbf4c8996fb92427ae41e4649b934ca495991b7852b855
234	1636405511	SafariBattle	234_SafariBattle.rb	414c39745d83a654a8518d002de3e07ce803fb38167fef04d6a5f3fc98c3b11b
235	1739947807	BugContestBattle	235_BugContestBattle.rb	8778005402b1aa1e8160e2f93db3fb5135008a50218a7ce729b7e97a5459ddf3
236	1742391035	BattlePalaceBattle	236_BattlePalaceBattle.rb	d5c06733057bbdeef239a9a929fe28fcea65b7a4883330fa38c36da5de16eeff
237	980774204	BattleArenaBattle	237_BattleArenaBattle.rb	4f0508d615e70a66c35551ca7dcab92525c5a487c7ad02396b2cfe3d922887a2
238	2134672154	RecordedBattle	238_RecordedBattle.rb	3634d266c9ad1f105b60bc6f9fb6910a70be0cfc7156e733cdc3108095b29f17
239	368193861	==================	239_==================.rb	e3b0c44298fc1c149afbf4c8996fb92427ae41e4649b934ca495991b7852b855
240	1391019144	[[ Overworld ]]	240_[[ Overworld ]].rb	e3b0c44298fc1c149afbf4c8996fb92427ae41e4649b934ca495991b7852b855
241	1842514861	Overworld	241_Overworld.rb	c860ccf242e01e7ca1fbe8f46e49573db7aaab084f3fc5f17a0b38163813dd43
242	1028331222	Overworld_Metadata	242_Overworld_Metadata.rb	b24153caf70577289561f6aca0efd27bcded09829c44609035075dd063d77035
243	801220965	Overworld_Time	243_Overworld_Time.rb	727b1d21d8bcf678a8f31a22ef4366c9091dac724e4ef05ce0be70b3fde49cc4
244	14063425	Overworld_FieldMoves	244_Overworld_FieldMoves.rb	30b7c18614ee76bdeea4e3102a9ec9e6cd96190071fb2011b5f7c71750e228a8
245	1186883554	Overworld_Fishing	245_Overworld_Fishing.rb	9a933b60a58ce66e1d58a0af2c77675245e5ba498d3a2e5344fd2a17b8e2bab3
246	1423055569	Overworld_BerryPlants	246_Overworld_BerryPlants.rb	5b03f2661320cc4d4d4587cdddfcb58ac1d887911a122d072a524180dc63c9dc
247	1692613272	Overworld_DayCare	247_Overworld_DayCare.rb	04b567185dc7180b48e7cd0a177f84085642bd85090ccaafe6df802abcc3980b
248	2050819727	Overworld_RandomDungeons	248_Overworld_RandomDungeons.rb	563ab4688696f10fe7f231e893cefbacd429eef138287302bb046e280e50ac0e
249	1810175181	section	249_section.rb	e3b0c44298fc1c149afbf4c8996fb92427ae41e4649b934ca495991b7852b855
250	2048624211	[[ Overworld visuals ]]	250_[[ Overworld visuals ]].rb	e3b0c44298fc1c149afbf4c8996fb92427ae41e4649b934ca495991b7852b855
251	316714637	Overworld_Weather	251_Overworld_Weather.rb	f126613cf1116f76e8cf3fbec1c6480062d00bb6c3e3780454e3991777742940
252	2125640376	Overworld_Overlays	252_Overworld_Overlays.rb	b0598a52d69449bb7e20d91643e6df0c1396edb259c844003eb08caf660828ea
253	1561807843	Overworld_MapTransitionAnims	253_Overworld_MapTransitionAnims.rb	c9be33783d00699161f69ccbe77d93211601b7e0e6c45d5709fd64980b57145d
254	433219462	section	254_section.rb	e3b0c44298fc1c149afbf4c8996fb92427ae41e4649b934ca495991b7852b855
255	1392992904	[[ Battle triggering ]]	255_[[ Battle triggering ]].rb	e3b0c44298fc1c149afbf4c8996fb92427ae41e4649b934ca495991b7852b855
256	711438984	KOverworld_BattleStarting	256_KOverworld_BattleStarting.rb	0b9ce0d1b6a1ef99f05ab4e46364a8ddcbc7f8b516fd96356a2735ae99afe870
257	869549036	Overworld_BattleIntroAnim	257_Overworld_BattleIntroAnim.rb	0e1232e183d485ac30c76dcf5eac3a542925b76a5855bbd9dd66f1939d92c3c3
258	2042354202	KOverworld_WildEncounters	258_KOverworld_WildEncounters.rb	ebd161d08d636a643d9003694af5b0d3705e4c3cb28490ba1ee4e8604ee6e378
259	1203747390	Overworld_EncounterModifiers	259_Overworld_EncounterModifiers.rb	44dd70841fb0e673fbd1ba7775234fd71ae503650783d9c19cb21bd62d4f4af6
260	737361597	Overworld_RoamingPokemon	260_Overworld_RoamingPokemon.rb	e9cc4fe4fc73077d42ea6e0e4baf134c92dbe906563ad009d82aea13e092b37f
261	1106163331	==================	261_==================.rb	e3b0c44298fc1c149afbf4c8996fb92427ae41e4649b934ca495991b7852b855
262	1760941343	[[ Items ]]	262_[[ Items ]].rb	e3b0c44298fc1c149afbf4c8996fb92427ae41e4649b934ca495991b7852b855
263	852375499	KItem_Utilities	263_KItem_Utilities.rb	95156f726fec0bbf0b1da7e8814d2efc360a2a9e985c969c3fd7280d72d29be0
264	1599102254	KItem_Effects	264_KItem_Effects.rb	5e354daa90e8e7ee7482d0cbe1de3e7d87539d3efa2d0d5d5baae046fa8e23d4
265	2147306046	Item_BattleEffects	265_Item_BattleEffects.rb	200714b58763612d1eee8017e913609b09e4b33aca20fa05e571c8df3f5d1710
266	46484800	Item_Phone	266_Item_Phone.rb	b730ce6be3b08c72cc61823b599928645012bb81e4b4caff6a2145bb0aa6cb32
267	2033888677	Item_PokeRadar	267_Item_PokeRadar.rb	6a8850cb939fe1992988ee57eac03f882d4514c5550c6da16f3a4ac1dc75b33e
268	1622903427	Item_Mail	268_Item_Mail.rb	ca2fca70a9939313dab674f8658e02e7f1088ce86fe63fa3d49cbec1fda53505
269	943470947	Item_Sprites	269_Item_Sprites.rb	ef252d26156887442883cef15c91f95b42f632b6c8cf1cef1310c4a07bbd0311
270	394546746	PokemonBag	270_PokemonBag.rb	096a077e1bf3835a9969cfc3cd4c4518d2984115767ff916142278a2d6f98c72
271	937877107	==================	271_==================.rb	e3b0c44298fc1c149afbf4c8996fb92427ae41e4649b934ca495991b7852b855
272	245947708	[[ Pokemon ]]	272_[[ Pokemon ]].rb	e3b0c44298fc1c149afbf4c8996fb92427ae41e4649b934ca495991b7852b855
273	287839640	KPokemon	273_KPokemon.rb	ca9e9c473a23284801dd9de680a8ee97904d4ced1ca88666464208ee9016d07d
274	789271093	KPokemon_MegaEvolution	274_KPokemon_MegaEvolution.rb	148e75cbe9c4f34d62974b02d71d223d8cad1572f70ddf0798c5d1fbb2a7f9b3
275	1829269414	Pokemon_ShadowPokemon	275_Pokemon_ShadowPokemon.rb	57f6f55c4884f28666fdd170c1779245afb12c48a5f5322979a725a12bd7c00c
276	847497748	Pokemon_Move	276_Pokemon_Move.rb	3535a4b60536b374af0d617662c9502ec83219116b39b994573bc1b2786e0ee0
277	2042059464	Pokemon_Owner	277_Pokemon_Owner.rb	ea116ae241f5af84dbc57d8a65842ee26db4a1be70633c906a054eb235fb362e
278	1149580297	Pokemon_Legendary	278_Pokemon_Legendary.rb	00b0d0b84644e87adede8b8d5a1439fe15bd42032de290758a3b32d35ccb6429
279	1830413808	section	279_section.rb	e3b0c44298fc1c149afbf4c8996fb92427ae41e4649b934ca495991b7852b855
280	114812871	[[ Pokemon-related ]]	280_[[ Pokemon-related ]].rb	e3b0c44298fc1c149afbf4c8996fb92427ae41e4649b934ca495991b7852b855
281	358485864	FormHandlers	281_FormHandlers.rb	fe84a31e9f66480e8450dd00e2b29fbaf35811c39821cb7e663fe7071383124c
282	665103745	ShadowPokemon_Other	282_ShadowPokemon_Other.rb	3462a4ff1cce77b664c1e715650c1053d683d42cf90f153b3293cca5863167f3
283	493948990	Pokemon_Sprites	283_Pokemon_Sprites.rb	6a766adbb52185149a91750e2bb807d33ffeab4495b6c96657590bd6c7aebe87
284	77654508	PokemonStorage	284_PokemonStorage.rb	a899feab8fb1ae5de37563727b2e8cc556b53f16e5aed003036b800e783637b5
285	1006205178	==================	285_==================.rb	e3b0c44298fc1c149afbf4c8996fb92427ae41e4649b934ca495991b7852b855
286	313731854	[[ Trainers and player ]]	286_[[ Trainers and player ]].rb	e3b0c44298fc1c149afbf4c8996fb92427ae41e4649b934ca495991b7852b855
287	1355689647	Trainer	287_Trainer.rb	b2995a8b8b9fa8381b21f9a37042d217843f712f7fecd00bfd462d79e068c2a7
288	1118797223	Trainer_LoadAndNew	288_Trainer_LoadAndNew.rb	d45e910ed84d76be500dc6b2116a6beba08b1b35ad92155750d45af86736c421
289	1439232282	Trainer_Sprites	289_Trainer_Sprites.rb	4d961553554d6a45233f1e11a3ea96e658c403f2d2311d12e154609cdfbbf08e
290	1084259782	KPlayer	290_KPlayer.rb	eae8131fcfd5cd1895678b55ddaadfe470bdfb375ee6b7593b93658d7b71a94c
291	700058340	Player_Pokedex	291_Player_Pokedex.rb	98892b18078f757431c6db5a27d1932380010275fd8929724d4d10f5fa979fc5
292	1513521570	==================	292_==================.rb	e3b0c44298fc1c149afbf4c8996fb92427ae41e4649b934ca495991b7852b855
293	183140942	[[ UI ]]	293_[[ UI ]].rb	e3b0c44298fc1c149afbf4c8996fb92427ae41e4649b934ca495991b7852b855
294	1854787710	UI_PauseMenu	294_UI_PauseMenu.rb	c91bd551398b9be585c1412019b966d2e2fde352bdee5f6f6a80e98f30fd8db3
295	44427033	UI_Pokedex_Menu	295_UI_Pokedex_Menu.rb	b262d122900b26ccf922d6dcb83507756573dfbc58bc9461162f7e97663d8dc5
296	1908245917	UI_Pokedex_Main	296_UI_Pokedex_Main.rb	299dbce6707d59d676761c08555234ea14115c526f9641ec33eb0e18a4adb87d
297	1074533249	UI_Pokedex_Entry	297_UI_Pokedex_Entry.rb	af15207e894391c09dbe726a7a5ec5372195ed9f31b565d6202671347604e97b
298	1311113057	UI_Party	298_UI_Party.rb	f6576bcd90c5d9359312782f3f1f7729f603fd5b3f0c03de7d409f6e62b5a6bd
299	1503415819	KUI_Summary	299_KUI_Summary.rb	4e0a99c74c55b55ae35023ff67a1f28ad3c3220e6849aed960ebe8463d2d49bf
300	906167690	UI_Bag	300_UI_Bag.rb	82b0a558e10a57944f1ca212c65036668aff399c674e32d54aa815d7c620ec2d
301	801904985	UI_Pokegear	301_UI_Pokegear.rb	da7ef1d51f31a877facb82a6fb277ffa73f272c76ad280ccdef5316949bff8f8
302	1507560353	UI_RegionMap	302_UI_RegionMap.rb	1de796d576d5f742adecb20d06a79a4b1debdfcbac3a2f88b6fa7d3a5cf9110a
303	126460100	UI_Phone	303_UI_Phone.rb	606d844567cd806718198d305ad92dc1a6783e9c4fd99ee6bab43de633bdf343
304	250536383	UI_Jukebox	304_UI_Jukebox.rb	6a518ca7ebce46305d65cd479af3168999d606d4870acd61d8399545df49c170
305	1196629332	UI_TrainerCard	305_UI_TrainerCard.rb	3a11deeccaf2ebfe401432374f79f26d3c84fc7051c44606c987dcba8b833a9e
306	251469013	UI_Load	306_UI_Load.rb	44969be890d2dc06cfb4c59c7e0c172609d779fb8cef0661dbe22f53634bc8eb
307	1302647532	UI_Save	307_UI_Save.rb	713ed078da7b83fa44030340242860d30bcba06dffa54ed42bcd7ede1e9770cb
308	896988028	UI_Options	308_UI_Options.rb	003b466f98269d9d584a186f9e465da78f8dad92a4dfbf606727fa2677e848c5
309	1742388723	UI_ReadyMenu	309_UI_ReadyMenu.rb	3d9c738bd488173d464867c101ce6ac384a07879cc3a47db57b6214861f3ed51
310	1591353679	UI_PokemonStorage	310_UI_PokemonStorage.rb	2447f11b7530b23d87fd5254f6749c9d7e25f93d31032122546069e83015580b
311	1142861320	UI_ItemStorage	311_UI_ItemStorage.rb	32d60d6779719ac40fe4221d73d16486bcfd3df064a122a84a3dac7112c6590d
312	1783193891	UI_PC	312_UI_PC.rb	efb478cd0bcee93754da1005b5e83ec3a0cb9887415b20219a4c722a060df8f1
313	545616137	UI_PokeMart	313_UI_PokeMart.rb	9409b57e0e1baa347382825fd649bfa74c0428e0eab04af4af8f68da5c390df2
314	456645733	UI_BattlePointShop	314_UI_BattlePointShop.rb	bf335dd3710adcccd391d96988ee54cbec64e419879b3aaac91f2baa9424e0c0
315	485012747	UI_MoveRelearner	315_UI_MoveRelearner.rb	921596dac0d26f77fc3a4ad19fca2d76b9cf17aa6f4774737a97e9deaf356887
316	1575888424	UI_PurifyChamber	316_UI_PurifyChamber.rb	39d444a35c10ea60c40c99fef28635d78135e5400eeb28c00280e0660c6014bd
317	1316144065	UI_MysteryGift	317_UI_MysteryGift.rb	ef208daa9ef6967b0e2285ab1f3bfe3bdc49804098d5835ba684d8ca726c6398
318	1948498073	UI_TextEntry	318_UI_TextEntry.rb	2bc4c4009a80a40410f6bc5efd59ca045d16816bf76f6b96d874067ec28b5363
319	879737094	section	319_section.rb	e3b0c44298fc1c149afbf4c8996fb92427ae41e4649b934ca495991b7852b855
320	319797084	[[ Non-interactive UI ]]	320_[[ Non-interactive UI ]].rb	e3b0c44298fc1c149afbf4c8996fb92427ae41e4649b934ca495991b7852b855
321	1774728366	UI_SplashesAndTitleScreen	321_UI_SplashesAndTitleScreen.rb	18b07f58ab743f6db17e316b0d77a9d729b4ad3a823e3b7742b1c55f1f23fe0f
322	964772174	UI_Controls	322_UI_Controls.rb	8a2eb1687ec25fd56dc229fa9e6aa513c1673aef6dc0ad671f613ca7efe15d33
323	662755083	KUI_EggHatching	323_KUI_EggHatching.rb	952e3dd356fb2b68e1dc0bc8ad3694875091c64052299e3501a2e4cfa5e8f05c
324	1920879809	KUI_Evolution	324_KUI_Evolution.rb	c4ee757d53b99da758323a35d7c817dd8216ac5a060a107d85968045308594bd
325	752824188	UI_Trading	325_UI_Trading.rb	ffaa8d7de76aac9ff930cb5a759a70f47701b563ec5d90c7ac68652b875e8f6d
326	1735300102	UI_HallOfFame	326_UI_HallOfFame.rb	371f2d26777669ee4be608239ed1a5142d83340e7d44b5d46308ae21cfa03074
327	7123776	UI_Credits	327_UI_Credits.rb	07433038406fff93463bbcb79aedfe2533686424da23ea41731f1d9d16baf9f5
328	168120509	==================	328_==================.rb	e3b0c44298fc1c149afbf4c8996fb92427ae41e4649b934ca495991b7852b855
329	1644216495	[[ Minigames ]]	329_[[ Minigames ]].rb	e3b0c44298fc1c149afbf4c8996fb92427ae41e4649b934ca495991b7852b855
330	1766262841	Minigame_Duel	330_Minigame_Duel.rb	b77c9ba43d7fbb9517829a8d5241af5f03e84c3ea195ddeabc40ce1a3be05b42
331	358344383	Minigame_TripleTriad	331_Minigame_TripleTriad.rb	dc1e55234000b74cdcbb04de8fece3a3325b0747ef4404a7f56197a179024190
332	1498976116	Minigame_SlotMachine	332_Minigame_SlotMachine.rb	e52b39f4109ce621dd6d0e22fa75d7a6a5866f74dd6e0cb0b4c5d82f255907cd
333	562844856	Minigame_VoltorbFlip	333_Minigame_VoltorbFlip.rb	bd5ef91f8f730f11c38e5da76712f294a2d820ff56dc0aaec0469d7b3019e7f7
334	388125155	Minigame_Lottery	334_Minigame_Lottery.rb	4fd4d6ff146428c836bf40479bc2a743ee6410e0940bc330288e9fa4bc2ae90c
335	99325553	Minigame_Mining	335_Minigame_Mining.rb	44d6148def9e6e9350b7ef3519ab0ea2160be54eb003afd3ac97cc56c56622ba
336	6972492	Minigame_TilePuzzles	336_Minigame_TilePuzzles.rb	a6b475060c69571e7393a4bba3ed5345a82bad88baa646bb0a0609d05340f97c
337	213233126	==================	337_==================.rb	e3b0c44298fc1c149afbf4c8996fb92427ae41e4649b934ca495991b7852b855
338	1603987571	[[ Alternate battle modes ]]	338_[[ Alternate battle modes ]].rb	e3b0c44298fc1c149afbf4c8996fb92427ae41e4649b934ca495991b7852b855
339	821152259	SafariZone	339_SafariZone.rb	dfdfa41aba83c9785008cec4f8f4d1a465516c1ae3ca730fe51a0ac654754295
340	777500420	BugContest	340_BugContest.rb	38b21386b4b430a5285d01dc8d646b1072f315cecf90cb5fd336438e1df4ce64
341	1705085466	section	341_section.rb	e3b0c44298fc1c149afbf4c8996fb92427ae41e4649b934ca495991b7852b855
342	1998711918	[[ Battle Frontier ]]	342_[[ Battle Frontier ]].rb	e3b0c44298fc1c149afbf4c8996fb92427ae41e4649b934ca495991b7852b855
343	1712544566	Challenge_BattleChallenge	343_Challenge_BattleChallenge.rb	adfbf81f58535a23f5a6e38689d1d86b9926caaa9798521b51a265b7d7e6b09e
344	90860028	Challenge_Data	344_Challenge_Data.rb	3400b4eafde9635e1e73136542a44abb5965673a32e33c5ca0cb6851263e29df
345	1548028348	Challenge_ChooseFoes	345_Challenge_ChooseFoes.rb	daec56dd1a7b8179e2b43ce5a884833fee02c825ff8d8c0cf5800d64237ded8e
346	1049454159	Challenge_Battles	346_Challenge_Battles.rb	ef852fe9567aefa983a8f2ee33c2c57171058dd1d3e4c61b916f3f26fb439e90
347	245952618	UI_BattleSwap	347_UI_BattleSwap.rb	c44307507cc7c91564ea13811e703d57e5a68c3ab4bd1a012e12e67563c39567
348	456453226	section	348_section.rb	e3b0c44298fc1c149afbf4c8996fb92427ae41e4649b934ca495991b7852b855
349	1196656457	[[ Battle Frontier rules ]]	349_[[ Battle Frontier rules ]].rb	e3b0c44298fc1c149afbf4c8996fb92427ae41e4649b934ca495991b7852b855
350	1911194816	Challenge_ChallengeRules	350_Challenge_ChallengeRules.rb	8209d606b2d748cc45f815daac89236ae6f202701f0499eecdd07831c25b23ab
351	1287095333	Challenge_Rulesets	351_Challenge_Rulesets.rb	be7d0339c87c5fe2daf15e3ff7d88367f10190c59bb8a794bba01897897f0ec0
352	889480330	Challenge_EntryRestrictions	352_Challenge_EntryRestrictions.rb	dc8c0e636ed4dc49238ba6d3a0bd817d90d10a724302c84129b506bbf87ad666
353	82394503	Challenge_LevelAdjustment	353_Challenge_LevelAdjustment.rb	c1d8ac139818772968d2f49c2877d1c229dcc6773904c5693f9ffbd908f2d719
354	1967184385	Challenge_BattleRules	354_Challenge_BattleRules.rb	7d7c081380393705ca17e50320696229abd91b879536911be1d1621792e05ed1
355	1255563509	section	355_section.rb	e3b0c44298fc1c149afbf4c8996fb92427ae41e4649b934ca495991b7852b855
356	1681819680	[[ Battle Frontier generator ]]	356_[[ Battle Frontier generator ]].rb	e3b0c44298fc1c149afbf4c8996fb92427ae41e4649b934ca495991b7852b855
357	1780872637	ChallengeGenerator_Data	357_ChallengeGenerator_Data.rb	d1879fc1dbd22800f7023e618151a3ccc6d10ac09c5fd7dde11cb853433e0642
358	1615812494	ChallengeGenerator_Pokemon	358_ChallengeGenerator_Pokemon.rb	5ebebe643475d3e4b97c68fc3ccc4e5b60147932cc6b6e577bbf4b4a1b684052
359	2117304166	ChallengeGenerator_Trainers	359_ChallengeGenerator_Trainers.rb	032348011307aa326a6692f434e435cc57f35305ac33340d8fa69b16969e2ef3
360	575478748	ChallengeGenerator_BattleSim	360_ChallengeGenerator_BattleSim.rb	cb353f1dfc1cc0ec2c3f071b15954bf56ae51eb1f1b0697b0ea4f81b13482094
361	66416094	==================	361_==================.rb	e3b0c44298fc1c149afbf4c8996fb92427ae41e4649b934ca495991b7852b855
362	73928978	[[ Utilities ]]	362_[[ Utilities ]].rb	e3b0c44298fc1c149afbf4c8996fb92427ae41e4649b934ca495991b7852b855
363	238856775	Utilities	363_Utilities.rb	ebf61b928d32f11935eace805418dbeb4c26ef1926b3825db2c35d5ab0b246a8
364	1461672859	KUtilities_Pokemon	364_KUtilities_Pokemon.rb	e6205b269ff530de6dc906c6ccb74efaa73c111f00a133d51a88c508939420a8
365	970203095	Utilities_BattleAudio	365_Utilities_BattleAudio.rb	564365e4c1bc170dcc178a0932a912b1a67ef72131552fcd7e121174b10b2cab
366	957808401	==================	366_==================.rb	e3b0c44298fc1c149afbf4c8996fb92427ae41e4649b934ca495991b7852b855
367	554475337	[[ Debug ]]	367_[[ Debug ]].rb	e3b0c44298fc1c149afbf4c8996fb92427ae41e4649b934ca495991b7852b855
368	1565447398	Editor_Utilities	368_Editor_Utilities.rb	99250fe82810f64390d6543b55ba832692cc59ffea1f8cc174a40ff613a1c88f
369	866756920	Editor_DataTypes	369_Editor_DataTypes.rb	d8b86d9c94e4a721d4b56f9049c17c42578e41717db113921149d6f075f04f5e
370	1009384703	Editor_Listers	370_Editor_Listers.rb	79992af16b88a2ea81bb3fea26a4a76f98b36041dafa1cc7d185449c4569d8d9
371	806041552	section	371_section.rb	e3b0c44298fc1c149afbf4c8996fb92427ae41e4649b934ca495991b7852b855
372	658012812	[[ Editor screens ]]	372_[[ Editor screens ]].rb	e3b0c44298fc1c149afbf4c8996fb92427ae41e4649b934ca495991b7852b855
373	1667782209	EditorScreens	373_EditorScreens.rb	a824303fd62b292524ff284faeca4368f71b7526b8014b920c16c476f3cb3cb2
374	258586510	EditorScreens_TerrainTags	374_EditorScreens_TerrainTags.rb	4e8606d74503a24257874ba13b628014eb8579f73554560e759d4e0e1de4487b
375	134744165	EditorScreens_MapConnections	375_EditorScreens_MapConnections.rb	3aef5b790222abcac17a4aff343633b5b4e963700feca78dcb0bb8c96a8127f9
376	546009812	EditorScreens_SpritePositioning	376_EditorScreens_SpritePositioning.rb	208a30119120a005aef7b301fddcbfe38bf011362662f46941882282afec8bc8
377	1428540740	section	377_section.rb	e3b0c44298fc1c149afbf4c8996fb92427ae41e4649b934ca495991b7852b855
378	1012150902	[[ Animation editor ]]	378_[[ Animation editor ]].rb	e3b0c44298fc1c149afbf4c8996fb92427ae41e4649b934ca495991b7852b855
379	653310857	AnimEditor_SceneElements	379_AnimEditor_SceneElements.rb	3e937f282c16852c04e12673315b54db06bcec3131860a296848f460bb3d4ec8
380	1026136472	AnimEditor_ControlsButtons	380_AnimEditor_ControlsButtons.rb	1f95f81e07ab04d2d0aed00096940a6a5544848e03d51560b9f02c92ca5b032f
381	51585021	AnimEditor_Interpolation	381_AnimEditor_Interpolation.rb	5ba96015be65e75c969012d04c22303ec8f45ff1d1191d150ada544c63f86bad
382	356519595	AnimEditor_ExportImport	382_AnimEditor_ExportImport.rb	908f0021fc37fd2aa04aff9d4b0008497418b3530ad0fa433a9d8f2f72ac2630
383	1048035204	AnimEditor_Functions	383_AnimEditor_Functions.rb	abaffd65617f9a2c3580ac7f5a403a0b5210fa28cc2ac5c273abf13272db5882
384	1917528779	section	384_section.rb	e3b0c44298fc1c149afbf4c8996fb92427ae41e4649b934ca495991b7852b855
385	1507102530	[[ Debug menus ]]	385_[[ Debug menus ]].rb	e3b0c44298fc1c149afbf4c8996fb92427ae41e4649b934ca495991b7852b855
386	1847696777	Debug_Menus	386_Debug_Menus.rb	60117cbe3a317c7ea095c130c1aa80accfb78f236e4d4a019b4b1688419473c1
387	1218260252	Debug_MenuCommands	387_Debug_MenuCommands.rb	448911ed448d1ab2e831b031592dd90ad09dda2adf410c84696ee076541dea35
388	2089177919	Debug_MenuExtraCode	388_Debug_MenuExtraCode.rb	138385f3af1eb16b61d90c8cbf6dac244fa0338ab2b9da84d5e5f4e67a48ac5e
389	203072236	Debug_BattleCommands	389_Debug_BattleCommands.rb	ed5980ddb2fab2344e0e4b2e77b37b19e96764ef8c634d4585138e5de9eb0444
390	1018090646	Debug_BattlePkmnCommands	390_Debug_BattlePkmnCommands.rb	1602bf64213c4328768781d6edcb1b1c63c1fad723ebd903be3d093fffc44ba9
391	470741058	Debug_BattleExtraCode	391_Debug_BattleExtraCode.rb	ec8f8d441921572550abe552fa62f9d678abbab7b598b007310263017e563da0
392	562628945	KDebug_PokemonCommands	392_KDebug_PokemonCommands.rb	161995a54f9f8b1d0d3c75befb5bc0ca9d36203860cda75b935dc5095644ecf5
393	336418619	Debug_FilenameUpdater	393_Debug_FilenameUpdater.rb	bda3598f348785db8e986ff432b39f3df4204fa4925008d40e9926d5a591b6e9
394	1094464543	==================	394_==================.rb	e3b0c44298fc1c149afbf4c8996fb92427ae41e4649b934ca495991b7852b855
395	119369167	[[ Compiler ]]	395_[[ Compiler ]].rb	e3b0c44298fc1c149afbf4c8996fb92427ae41e4649b934ca495991b7852b855
396	1424369602	Compiler	396_Compiler.rb	fd02018c63a2c8d56232b798e50bf790e85347e12ac3feaad2d224a91c0cf868
397	1377561334	Compiler_CompilePBS	397_Compiler_CompilePBS.rb	530bbbb870fae41db368f7f9b1cfd09bf9cba5e068117d3b13d72cdaa715bf73
398	1527491647	Compiler_WritePBS	398_Compiler_WritePBS.rb	ce8fda0c16b6a227753b9f190bd92370e7befd16548acd6780dda33fb3b82640
399	1009625121	Compiler_MapsAndEvents	399_Compiler_MapsAndEvents.rb	ec31fce14606d1fc4f0ace1ba9b34b0535020b85d87c23f7fceadd13c42e5e35
400	889897095	==================	400_==================.rb	e3b0c44298fc1c149afbf4c8996fb92427ae41e4649b934ca495991b7852b855
401	768738295	[[ Main ]]	401_[[ Main ]].rb	e3b0c44298fc1c149afbf4c8996fb92427ae41e4649b934ca495991b7852b855
402	1772285681	Unreal Time	402_Unreal Time.rb	76f12cf60e9240415863d78ebb42132ba92d3981dbbc2e6ec63117b0830730cc
403	271400307	section	403_section.rb	6d96c46f9645bc2d93a3a8e91139e1e01b1cf4fa95533cfa2cd542a6df05bfe4
404	1660425023	section	404_section.rb	5546ab221ebfdbdecd1cf04e8ee7dfb801d279c4999f7973e8ec5683a947ec01
405	113106988	section	405_section.rb	1abf6f3c4d6ae77ef7b2b729de562f7439359e3c177caa2651e3aa36dbab23fa
406	16722481	section	406_section.rb	fac9a005afdfffd5f696b8a286c83699844f93ef79901acdc3be8ff20bf70a8a
407	95286922	RandomData	407_RandomData.rb	c29c32f5ff74c104ec59da30ac618b5dd89ef0887b07c2b65f38b6e42bb04abf
408	67013892	TrainerStressTest	408_TrainerStressTest.rb	16b748ef6c8313e79512e635616db5e89bcee4ba6eea90e220f55c28d3dfa34e
409	16381745	newrandomability	409_newrandomability.rb	20b8d7ce1ee10e58bae88b6b43cec5d8f8df4fe9241f6abe7570fa222c7c3e98
410	52901809	newrandomstat	410_newrandomstat.rb	ca4f2da038ba0a62b1e27a7561f973c20dd1eee4937d57c4f72f33e6131a4682
411	47513059	AIBattlerError	411_AIBattlerError.rb	9a633323f1bcb6aa81b33775ec0d5fb0d726dd26fe1683b3b9b1837311c76432
412	81845460	pperror	412_pperror.rb	ce8566c583952f91fee67753bc8c639eb70f0fdb3371b917ffb8ae2611a74141
413	10922772	ACEADD	413_ACEADD.rb	613b8bb5b39d3789293ff9169d64cf6df0281f4cbc38a537e3e88bf0970e84f6
414	73654793	EVIOLITENon	414_EVIOLITENon.rb	d3a92340344f4c5b78d2c809cb3c9f559742256abcc2f2905f312fd6ee006c6b
415	71037664	ADAPTIVELEVELCANDY	415_ADAPTIVELEVELCANDY.rb	152434ffa51da24db2e51a66c0402af8d703e0d375761d95b10e6e913ea72f96
416	48588513	pokesys	416_pokesys.rb	fa3d4cf693d477864ec9c1b68fecf3354835dd93c242310a93a0fd25e395b981
417	10370544	ChangeAbility	417_ChangeAbility.rb	f6b40ae79e613564d757dadc0d7ff2b623f1a325c83b2e7e3000fd6879f8b87d
418	94070130	deletepokemon	418_deletepokemon.rb	cacbdf51510ef357426fb088efeb80aef3ed048ce6ff534ce2f658296ba47c66
419	29062959	Make6V	419_Make6V.rb	f0023e8e8dbe7f0e6f594270bf1981d2eeaffec30642c0831b3b5bb5c3b8e050
420	59470933	RandomSettings	420_RandomSettings.rb	0ff03c44d5f2fb564c0d08204bd565a37b82cc91eb4a81b48331bcbe17130bb5
421	41609484	RandomMoves	421_RandomMoves.rb	e4178fe7a5d07befa8bb1e2a1a47b3208f94c1e7ce6f716ef55457e71f34d9e6
422	35008526	ChangeNatureMenu	422_ChangeNatureMenu.rb	f6f000bedfdf26bed399e59041b9fee96b7ce4565a5f268eed78855566104282
423	8916646	GiveSpecialItems	423_GiveSpecialItems.rb	743d776039708aec4f7c385656041eff6322a1f88032f99bf86bfcf59016a9ee
424	32931831	PokeEV	424_PokeEV.rb	92f7297249da8091b96e0ca42a0fbda7ed3e9016e7c5a78a555723f18595dd3d
425	92658437	RandomItemSystem	425_RandomItemSystem.rb	5db00f6d0829175e68878d097553b6e39fb0755ead5b95705cca56d148e399be
426	55007425	CallMapEvent	426_CallMapEvent.rb	730607382fa23a34f15b38741221f4e0a55b7dd198f9aaa99d7df753696c2996
427	77916959	Custom_Exp_SystemCustom_Exp_System	427_Custom_Exp_SystemCustom_Exp_System.rb	bb54da81420a79b9c27d8140e795bc4dad9f3e8b77888a5b7474ef66d7a2a64f
428	19526381	typetower	428_typetower.rb	e3b0c44298fc1c149afbf4c8996fb92427ae41e4649b934ca495991b7852b855
429	1162792614	K융합	429_K융합.rb	6bb97b94859b45517055b6f75f34b9686031eafb85696bb862857655768a1497
430	1970717839	K레드PC추가	430_K레드PC추가.rb	7912e83da347f985ceeefd348605e10f88cc6ac3fa4fe7a9837537aabc16dc55
431	1309053132	K리스트	431_K리스트.rb	780070df12fd67fee20efe0c3de2d815168d08deec480fababb10409b85c403d
432	974847645	K트레이너 랜덤	432_K트레이너 랜덤.rb	fc36c4c6c5d9144a04c871c8cfa51add2b0268d3d9a880c707d089c6a7f20fb9
433	1060669096	KKJ랜더마이저	433_KKJ랜더마이저.rb	b57dd2ee3255e379da0bf19367e6245cea4d23f897e158acc6940c3ee00944fd
434	1595819718	KKJ랜덤뽑기특성	434_KKJ랜덤뽑기특성.rb	1f544242b940463cdbbac5986f546992d3a1afe463f0ac2670292861310b13b4
435	1481705955	KKJ2야생전투이벤트	435_KKJ2야생전투이벤트.rb	04afd554ccb8769aab445df8f38ebf7ac505b4d3ba18248f077eb72ae891a3bd
436	2079581060	KKJ3패시브	436_KKJ3패시브.rb	f52b064ea918f6a7106240609e85f2dc86d0c87fb7a2eff809b11172017cd746
437	319216338	KKJ3패시브2	437_KKJ3패시브2.rb	d0c630c1a859b1a4d17464493844aa5ca4a7f432f344640e9b2573c08d89546c
438	1455393443	KKJ잠재1	438_KKJ잠재1.rb	6516a248e33ed2e7f1d45a6d77b8a51dd0e4384c348b0828119bf3dc2155ce10
439	642224	Auto Multi SaveE	439_Auto Multi SaveE.rb	d3e2d00495778ec08f04efc07659d41402735795e159e07dac44a04456ef5d69
440	99483768	Zygarde	440_Zygarde.rb	0ce386198310a98a9c99fbe2f4b0f6a8a9564950334f512db4442c5471e64389
441	1239131441	RandomHistoryExport	441_RandomHistoryExport.rb	9248753f8e73d2ca5f4210807f9a2b8178080f2d4a530861002f946b8421c954
442	339728378	Main	442_Main.rb	21168dc3973c197d778ec57d912291d779e7e68b33a474ea3c227b5f7fc75522
